Year,Clarks_Revenue_Million_GBP,Superdry_Revenue_Million_GBP,Clarks_Profit_Million_GBP,Superdry_Profit_Million_GBP,Clarks_Profit_Margin_%,Superdry_Profit_Margin_%
2020,950.0,704,-120.0,-30.0,-12.631578947368421,-4.261363636363636
2021,980.0,689,-85.0,-20.0,-8.673469387755102,-2.9027576197387517
2022,1020.0,610,35.9,15.0,3.519607843137255,2.459016393442623
2023,994.5,611,-39.8,-67.7,-4.00201106083459,-11.080196399345336
2024,901.3,580,-39.2,50.5,-4.349273271940531,8.706896551724137
