Company,Year,Revenue_Million,Gross_Margin_%,Operating_Margin_%,Net_Margin_%,Gross_Profit,Operating_Profit,Net_Profit
Clas Ohlson,2022,10500,38.5,7.0,6.2,4042.5,735.0,651.0
Clas Ohlson,2023,11000,39.8,8.5,7.5,4377.999999999999,935.0,825.0
Clas Ohlson,2024,11600,40.2,10.1,8.5,4663.200000000001,1171.6,986.0
Clas Ohlson,2025,12030,40.5,10.3,8.8,4872.15,1239.0900000000001,1058.64
Wickes,2022,1562,36.6,4.4,2.0,571.692,68.72800000000001,31.24
Wickes,2023,1553,36.4,4.0,1.7,565.2919999999999,62.12,26.401
Wickes,2024,1538,36.8,4.7,2.5,565.9839999999999,72.286,38.45
Wickes,2025,1590,37.0,4.8,2.7,588.3,76.32,42.93
