Company,Year,Revenue (£ millions),Cost (£ millions),Operating Profit (£ millions),Profit Margin (%)
River Island,2021,750,520,80,10.666666666666668
River Island,2022,701,510,60,8.559201141226819
River Island,2023,578,470,-33,-5.709342560553633
River Island,2024,537,480,-65,-12.104283054003725
ZARA,2021,19000,9500,4200,22.105263157894736
ZARA,2022,21000,10200,5000,23.809523809523807
ZARA,2023,22540,11000,5400,23.957409050576754
ZARA,2024,24730,11800,6000,24.26202992317024
