Brand,Year,Region,Sales_Revenue_Million,Profit_Million,Customer_Age_Group,Gender,Income_Level,Customer_Count,Profit_Margin_%
UNIQLO,2021,Europe,21000,3200,18-25,Female,Low,1200000,15.238095238095239
UNIQLO,2022,Asia,24000,3900,26-35,Male,Medium,1500000,16.25
UNIQLO,2023,North America,26500,4200,36-50,Female,High,1400000,15.849056603773585
UNIQLO,2024,Europe,28000,4600,18-25,Male,Medium,1600000,16.428571428571427
TK Maxx,2021,Europe,18000,2500,26-35,Female,Medium,1100000,13.88888888888889
TK Maxx,2022,Asia,19500,2700,36-50,Male,High,1300000,13.846153846153847
TK Maxx,2023,North America,20500,2950,18-25,Female,Low,1250000,14.390243902439023
TK Maxx,2024,Europe,22000,3100,50+,Male,Medium,1350000,14.09090909090909
